Category,School Name,Village,Panchayat
Primary,shri pragya public school (P60694),BHINAY,BHINAY
Primary,ANNPURNA PUBLIC SCH. (P16285),NANDSI,NANDSI
Primary,NAVEEN PUBLIC SCHOOL (P34025),BADANVADA,BANDANWARA
Primary,GANESHGIRI BAAL VIDHYA PEETH SANSTHAN GANAHERA (P13193),GANAHEDA,LAMGARA
Primary,HARSH INTERNATIONAL SCHOOL (P47329),KHEDI,KARANTHI
Primary,HEENA BAL VIDHYA MANDIR PANANGA (P64304),PADANGA,PADANGA
Primary,NEW MODERN ENGLISH MEDIUM SCHOOL BARLI BHINAY AJMER (P73653),BADLI,BADLI
Primary with Upper Primary,GURUKRIPA PUBLIC SCHOOL KHEDI (P56254),KHEDI,KARANTHI
Primary with Upper Primary,ADARSH SHIVA VIDYA MANDIR CHAPANERI (P35780),CHAMPANERI,CHANPANER
Primary with Upper Primary,Gayatri Public School Gudda khurd (P16189),GUDHA KHURD,GUDHA KHURD
Primary with Upper Primary,POOJA PUBLIC SCHOOL NAGOLA (P19677),NAGOOLA,NAGOLA
Primary with Upper Primary,NEW RADHA KRISHNAN PUBLIC SCHOOL (P46672),BADGAON,BADGAON
Primary with Upper Primary,HINA BAL VIDYA MANDIR UPPER PRIMARY SCHOOL NAGOLA (P16594),NAGOOLA,NAGOLA
Primary with Upper Primary,MARUDHAR BAL VIDHYA NIKETAN KANAIKALA (P46678),KANAI KALA,KANAIKALA
Primary with Upper Primary,GAUTAM PUBLIC SCHOOL SINGAWAL (P46806),SINGAWAL,SINGAWAL
Primary with Upper Primary,ROYAL CONVENT SCHOOL (P56394),BADLI,BADLI
Primary with Upper Primary,FUTURE GENIUS ACADEMY (P68859),BADANVADA,BANDANWARA
Primary with Upper Primary,Pahal Public School Devliya kalan (P34429),DEVLIYA KALAN,DEVLIYA KALA
Primary with Upper Primary,VIJAYSHEE PUBLIC SCHOOL BADLI (P19230),BADLI,BADLI
Primary with Upper Primary,MANSA PURNA P.S. KURTHAL (P18650),KURTHAL,NANDSI
Primary with Upper Primary,SANTORIUM NEW MODERN  (P16738),CHAMPANERI,CHANPANER
Primary with Upper Primary,RAJ RHISHI PUBLIC SCHOOL KUMHARIYA (P16463),KUMAHARIYA,KUMAHARIYA
Primary with Upper Primary,LAKHDATAR SHRI SHYAM U.P.S. BHINAI (P16966),BHINAY,BHINAY
Primary with Upper Primary,Sumer Public UPS (P16418),BHINAY,BHINAY
Primary with Upper Primary,shri shyam vidhya niketan  (P39815),KEROT,KEROT
Primary with Upper Primary,NAVEEN PUBLIC SCHOOL (P34025),BADANVADA,BANDANWARA
Primary with Upper Primary,VAID BAL VIDYA NIKATEN (P11513),BADGAON,BADGAON
Primary with Upper Primary,SANSKAR CONVENT SCHOOL (P59958),BHINAY,BHINAY
Primary with Upper Primary,"SARVODAYA BAL NIKETAN,RAMMALIYA (P60314)",RAMMALIYA,RAMMALIYA
Primary with Upper Primary,Aimway Public School (P61242),DEVLIYA KALAN,DEVLIYA KALA
Primary with Upper Primary,DIVYAGYAN PUBLIC SCHOOL  (P61263),KERIYA KHURD,BADGAON
Primary with Upper Primary,Guru Sohan Public School Devliya Kala (P16737),DEVLIYA KALAN,DEVLIYA KALA
Primary with Upper Primary,JYOTI PUBLIC SCHOOL BADLI (P27638),BADLI,BADLI
Primary with Upper Primary,ADARSH PUBLIC SCHOOL  (P49351),RAGHUNATH PURA,BADGAON
Primary with Upper Primary,VIDYASTHALI ADARSH PRIMARY SCHOOL (P49643),DEVLIYA KALAN,DEVLIYA KALA
Pr. with Up.Pr. with sec. Only,DRONA CHARYA SEC. SCHOOL. BHINAI (P16968),BHINAY,BHINAY
Pr. with Up.Pr. with sec. Only,SUN RISE CONVENT SCHOOL BHINAY (P19678),BHINAY,BHINAY
Pr. with Up.Pr. with sec. Only,Siddharth International School Bandanwara (P19054),BADANVADA,BANDANWARA
Pr. with Up.Pr. with sec. Only,Samrat International School Bandanwara (P16964),BADANVADA,BANDANWARA
Pr. with Up.Pr. with sec. Only,TAGORE GLOBAL SCHOOL (P55700),EKALSINGHA,EKALSINGA
Pr. with Up.Pr. with sec. Only,ANNAPURNA P.S. BHINAY (P25290),BHINAY,BHINAY
Up. Primary with sec Only,Samrat International School Bandanwara (P16964),BADANVADA,BANDANWARA
Pr. with Up.Pr. sec. with Higher Sec,KUCHAMAN SHIKSHAN SANSTHAN BANDANWARA (P48759),BADANVADA,BANDANWARA
Pr. with Up.Pr. sec. with Higher Sec,Sumer Senior Secondary School (P16865),BHINAY,BHINAY
Pr. with Up.Pr. sec. with Higher Sec,GURUKUL KESARI PUBLIC SECONDARY SCHOOL BANDANWARA (P16099),BADANVADA,BANDANWARA
Up. Primary sec with Higher Sec,Sumer Senior Secondary School (P16865),BHINAY,BHINAY
